{
    "indicator": "DEVICES00",
    "display": "Total density per 100 000 population: Hospitals",
    "values": {
        "FJI": 0.0,
        "VCT": 0.0,
        "KIR": 0.0,
        "LKA": 0.09872,
        "SEN": 0.15566,
        "BGD": 0.16667,
        "ETH": 0.21891,
        "HTI": 0.24231,
        "BFA": 0.30706,
        "ECU": 0.33041,
        "GTM": 0.34264,
        "ERI": 0.36317,
        "HND": 0.35813,
        "SUR": 0.37087,
        "GIN": 0.37462,
        "LBR": 0.37261,
        "AFG": 0.36659,
        "NPL": 0.38133,
        "UGA": 0.40448,
        "MWI": 0.39725,
        "BEN": 0.40684,
        "IDN": 0.43183,
        "COD": 0.44584,
        "ZMB": 0.45396,
        "MLI": 0.45747,
        "MYS": 0.46775,
        "MDG": 0.46674,
        "SLV": 0.47315,
        "CAF": 0.47656,
        "BDI": 0.50184,
        "SGP": 0.49892,
        "ZWE": 0.52298,
        "PAK": 0.53035,
        "NER": 0.5496,
        "ISR": 0.55605,
        "KHM": 0.57482,
        "TGO": 0.60144,
        "EGY": 0.61665,
        "MMR": 0.63463,
        "TCD": 0.65495,
        "ZAF": 0.67455,
        "COM": 0.68035,
        "GMB": 0.70297,
        "JAM": 0.75434,
        "NLD": 0.76376,
        "CMR": 0.79087,
        "SWZ": 0.80031,
        "CRI": 0.84151,
        "PAN": 0.90576,
        "MLT": 0.93239,
        "POL": 0.94461,
        "GRD": 0.94431,
        "NIC": 0.95387,
        "IRQ": 0.95068,
        "MUS": 0.96432,
        "CPV": 1.00221,
        "DNK": 1.0144,
        "BIH": 1.01846,
        "HUN": 1.02462,
        "MRT": 1.02831,
        "CHL": 1.04429,
        "SAU": 1.04062,
        "BRB": 1.05395,
        "BHS": 1.05996,
        "BOL": 1.0683,
        "SYC": 1.07715,
        "SRB": 1.09353,
        "ATG": 1.1113,
        "LUX": 1.13126,
        "SVN": 1.25483,
        "BWA": 1.2864,
        "CZE": 1.28945,
        "SDN": 1.346,
        "OMN": 1.34895,
        "ALB": 1.35507,
        "GHA": 1.36269,
        "FIN": 1.38215,
        "BRN": 1.43615,
        "KEN": 1.46549,
        "SVK": 1.54122,
        "HRV": 1.53856,
        "TUR": 1.54939,
        "LVA": 1.56073,
        "PNG": 1.57077,
        "ESP": 1.63445,
        "LCA": 1.64588,
        "ROU": 1.67753,
        "CIV": 1.70801,
        "BTN": 1.72426,
        "PHL": 1.81313,
        "THA": 1.84449,
        "NAM": 1.91029,
        "JOR": 1.93846,
        "EST": 1.94212,
        "CUB": 2.04161,
        "ITA": 2.07574,
        "MNE": 2.09211,
        "BLZ": 2.10907,
        "MDA": 2.12204,
        "LTU": 2.15451,
        "GEO": 2.21153,
        "LAO": 2.24529,
        "CAN": 2.26822,
        "TUN": 2.32801,
        "VUT": 2.37377,
        "PRY": 2.42565,
        "MNG": 2.50082,
        "KGZ": 2.63179,
        "LBY": 2.64451,
        "YEM": 2.97041,
        "LBN": 3.09002,
        "SMR": 3.17985,
        "GUY": 3.37663,
        "KOR": 3.42044,
        "MEX": 3.51256,
        "KAZ": 3.51569,
        "GAB": 3.52932,
        "ISL": 3.64149,
        "MHL": 3.79983,
        "TON": 3.79784,
        "URY": 3.93301,
        "ARM": 4.03149,
        "WSM": 4.2023,
        "TJK": 4.67846,
        "FSM": 4.82863,
        "DMA": 5.55532,
        "MDV": 6.66622,
        "PRK": 6.86068,
        "KNA": 7.3813,
        "BLR": 7.44923,
        "CYP": 7.53615,
        "AZE": 7.96735,
        "NRU": 9.94926,
        "MCO": 10.57334,
        "GNB": 56.44695,
        "TUV": 0.01647,
        "MKD": 4.08133,
        "DZA": null,
        "AND": null,
        "AGO": null,
        "ARG": null,
        "AUS": null,
        "AUT": null,
        "BHR": null,
        "BEL": null,
        "BRA": null,
        "BGR": null,
        "CHN": null,
        "COL": null,
        "COG": null,
        "COK": null,
        "DJI": null,
        "DOM": null,
        "GNQ": null,
        "FRA": null,
        "DEU": null,
        "GRC": null,
        "IND": null,
        "IRN": null,
        "IRL": null,
        "JPN": null,
        "KWT": null,
        "LSO": null,
        "ME1": null,
        "MAR": null,
        "MOZ": null,
        "NZL": null,
        "NGA": null,
        "NIU": null,
        "NOR": null,
        "PLW": null,
        "PER": null,
        "PRT": null,
        "QAT": null,
        "RUS": null,
        "RWA": null,
        "STP": null,
        "SLE": null,
        "SLB": null,
        "SOM": null,
        "SWE": null,
        "CHE": null,
        "SYR": null,
        "TLS": null,
        "TTO": null,
        "TKM": null,
        "UKR": null,
        "ARE": null,
        "GBR": null,
        "TZA": null,
        "USA": null,
        "UZB": null,
        "VEN": null,
        "VNM": null,
        "REU": null,
        "XOD": null,
        "AIA": null,
        "ABW": null,
        "BMU": null,
        "VGB": null,
        "CYM": null,
        "FLK": null,
        "GLP": null,
        "MTQ": null,
        "MSR": null,
        "ANT": null,
        "PRI": null,
        "SPM": null,
        "TCA": null,
        "VIR": null,
        "XX1": null,
        "HKG": null,
        "MAC": null,
        "XX4": null,
        "XX5": null,
        "XX6": null,
        "XX7": null,
        "XX8": null,
        "XX9": null,
        "GUF": null,
        "X10": null,
        "X11": null,
        "X12": null,
        "X13": null,
        "SCG": null,
        "PSE": null,
        "NA": null,
        "GUM": null,
        "MYT": null,
        "PYF": null,
        "FRO": null,
        "GRL": null,
        "SHN": null,
        "NCL": null,
        "ASM": null,
        "TKL": null,
        "MNP": null,
        "GIB": null,
        "LIE": null,
        "PCN": null,
        "WLF": null,
        "NFK": null,
        "BES": null,
        "CUW": null,
        "SXM": null,
        "SSD": null,
        "SDF": null,
        "CHI": null,
        "IMN": null,
        "XKX": null
    }
}