{
    "indicator": "ITU_IDI",
    "display": "ICT Development Index (IDI)",
    "values": {
        "ATG": 5.70114,
        "ARM": 4.17843,
        "BGD": 1.62484,
        "BLR": 5.5668,
        "BRA": 4.58905,
        "BGR": 5.49776,
        "TCD": 0.94057,
        "CHN": 3.86257,
        "CRI": 4.47114,
        "HRV": 6.14029,
        "CYP": 5.70707,
        "ECU": 3.73129,
        "SLV": 3.06058,
        "GAB": 2.4604,
        "GEO": 4.24194,
        "GNB": 1.18819,
        "HND": 2.7042,
        "HUN": 5.91148,
        "IRL": 7.10034,
        "ITA": 6.43097,
        "LAO": 1.99223,
        "LBN": 4.61968,
        "MWI": 1.41361,
        "MDV": 4.31203,
        "MEX": 3.78015,
        "MNG": 3.59221,
        "NIC": 2.3917,
        "NGA": 1.95785,
        "PHL": 3.13566,
        "PRT": 6.06909,
        "SAU": 5.46273,
        "SRB": 5.37564,
        "ESP": 6.64693,
        "LCA": 4.28213,
        "SYR": 3.12501,
        "MKD": 4.93292,
        "TUR": 4.4656,
        "UKR": 4.38224,
        "VNM": 3.65082,
        "ZMB": 1.64434,
        "ALB": 4.10672,
        "AUT": 7.35554,
        "BHR": 6.29728,
        "BEN": 1.60391,
        "BOL": 3.27989,
        "KHM": 2.30339,
        "CAN": 7.38094,
        "COM": 1.70297,
        "COD": 1.31388,
        "DNK": 8.35015,
        "EST": 7.27655,
        "FJI": 3.98569,
        "GHA": 2.59547,
        "GIN": 1.2316,
        "IND": 2.21425,
        "JPN": 7.81823,
        "KAZ": 5.74128,
        "LBR": 1.3855,
        "LUX": 7.93434,
        "MLT": 7.24566,
        "MOZ": 1.30785,
        "NAM": 2.85027,
        "OMN": 5.359,
        "PAN": 4.60879,
        "ROU": 5.35147,
        "SGP": 7.64863,
        "SVN": 6.75544,
        "SDN": 2.32583,
        "SWZ": 2.43991,
        "TON": 3.2311,
        "GBR": 7.98222,
        "URY": 5.76275,
        "AUS": 7.544,
        "AZE": 4.62264,
        "CMR": 1.65564,
        "CPV": 3.18082,
        "CZE": 6.30128,
        "DJI": 1.71247,
        "DOM": 3.36345,
        "DEU": 7.32887,
        "GRC": 6.20991,
        "JOR": 3.90086,
        "KEN": 2.22586,
        "MLI": 1.4289,
        "MRT": 1.69799,
        "MUS": 4.22521,
        "NOR": 7.97096,
        "PAK": 1.77561,
        "PRY": 3.09539,
        "SVK": 5.84774,
        "SLB": 1.90572,
        "THA": 3.41553,
        "TTO": 4.54132,
        "TUN": 3.57511,
        "BRB": 6.65386,
        "BEL": 7.162,
        "CAF": 1.00379,
        "CHL": 5.4568,
        "EGY": 3.84618,
        "GUY": 3.08374,
        "PRK": 8.57005,
        "LVA": 6.36382,
        "MDA": 4.7381,
        "PER": 3.68326,
        "POL": 6.3148,
        "ZAF": 3.9464,
        "LKA": 3.05866,
        "UGA": 1.81485,
        "ARE": 6.41393,
        "AGO": 1.63429,
        "ARG": 5.06213,
        "BRN": 4.92897,
        "BFA": 1.11382,
        "CIV": 1.66112,
        "CUB": 2.66293,
        "ERI": 1.15026,
        "FRA": 7.26273,
        "GMB": 1.78604,
        "ISR": 6.70163,
        "JAM": 3.54177,
        "MDG": 1.283,
        "MYS": 4.80669,
        "MAR": 3.59451,
        "NZL": 7.30977,
        "NER": 0.93409,
        "SEN": 1.88158,
        "SYC": 4.36309,
        "CHE": 7.61504,
        "TZA": 1.56786,
        "VEN": 4.0037,
        "YEM": 1.76067,
        "ZWE": 2.15726,
        "BTN": 2.40436,
        "BIH": 4.7077,
        "COL": 4.20261,
        "COG": 1.66201,
        "ETH": 1.24312,
        "ISL": 8.35565,
        "IDN": 3.42729,
        "LSO": 1.95125,
        "LTU": 5.87637,
        "MMR": 1.74048,
        "NLD": 8.00073,
        "QAT": 6.54241,
        "RUS": 6.18787,
        "VCT": 4.80577,
        "SUR": 3.83567,
        "USA": 7.53178,
        "UZB": 3.11608,
        "DZA": 2.98348,
        "BWA": 2.82916,
        "FIN": 7.98593,
        "IRN": 3.60893,
        "RWA": 1.54031,
        "SWE": 8.40727,
        "AFG": null,
        "AND": null,
        "BHS": null,
        "BLZ": null,
        "BDI": null,
        "COK": null,
        "DMA": null,
        "GNQ": null,
        "GRD": null,
        "GTM": null,
        "HTI": null,
        "IRQ": null,
        "KIR": null,
        "KWT": null,
        "KGZ": null,
        "LBY": null,
        "MHL": null,
        "FSM": null,
        "MCO": null,
        "ME1": null,
        "NRU": null,
        "NPL": null,
        "NIU": null,
        "PLW": null,
        "PNG": null,
        "KOR": null,
        "KNA": null,
        "WSM": null,
        "SMR": null,
        "STP": null,
        "SLE": null,
        "SOM": null,
        "TJK": null,
        "TLS": null,
        "TGO": null,
        "TKM": null,
        "TUV": null,
        "VUT": null,
        "MNE": null,
        "REU": null,
        "XOD": null,
        "AIA": null,
        "ABW": null,
        "BMU": null,
        "VGB": null,
        "CYM": null,
        "FLK": null,
        "GLP": null,
        "MTQ": null,
        "MSR": null,
        "ANT": null,
        "PRI": null,
        "SPM": null,
        "TCA": null,
        "VIR": null,
        "XX1": null,
        "HKG": null,
        "MAC": null,
        "XX4": null,
        "XX5": null,
        "XX6": null,
        "XX7": null,
        "XX8": null,
        "XX9": null,
        "GUF": null,
        "X10": null,
        "X11": null,
        "X12": null,
        "X13": null,
        "SCG": null,
        "PSE": null,
        "NA": null,
        "GUM": null,
        "MYT": null,
        "PYF": null,
        "FRO": null,
        "GRL": null,
        "SHN": null,
        "NCL": null,
        "ASM": null,
        "TKL": null,
        "MNP": null,
        "GIB": null,
        "LIE": null,
        "PCN": null,
        "WLF": null,
        "NFK": null,
        "BES": null,
        "CUW": null,
        "SXM": null,
        "SSD": null,
        "SDF": null,
        "CHI": null,
        "IMN": null,
        "XKX": null
    }
}