{
    "indicator": "NLIS_NU_CA_023",
    "display": "Nutrition Governance score",
    "values": {
        "CMR": -1.0514,
        "COG": -1.11054,
        "ERI": -1.60715,
        "GAB": -0.74151,
        "GMB": -0.39596,
        "LBR": -0.73131,
        "SEN": -0.0762,
        "SSD": -2.1028,
        "STP": -0.21598,
        "ZMB": -0.36356,
        "ZWE": -1.18897,
        "ATG": 0.40336,
        "BLZ": -0.29149,
        "BOL": -0.54626,
        "BRB": 0.80324,
        "CHL": 1.00588,
        "CUB": -0.46204,
        "DMA": 0.47906,
        "HND": -0.63138,
        "KNA": 0.60924,
        "PAN": 0.10226,
        "PER": -0.13486,
        "PRY": -0.34926,
        "VCT": 0.56417,
        "AFG": -1.58275,
        "DJI": -0.78841,
        "QAT": 0.34821,
        "TUN": -0.20358,
        "YEM": -1.99369,
        "AUT": 1.46139,
        "AZE": -0.68412,
        "BGR": 0.23506,
        "EST": 1.21909,
        "HRV": 0.43859,
        "MCO": 1.13653,
        "NLD": 1.69314,
        "ROU": 0.15214,
        "TJK": -1.20962,
        "UZB": -0.94862,
        "IDN": -0.13526,
        "MDV": -0.49658,
        "TLS": -0.45533,
        "MHL": -0.13424,
        "MNG": 0.01564,
        "MYS": 0.47481,
        "NZL": 1.81084,
        "PLW": 0.28961,
        "SLB": -0.21558,
        "BEN": -0.30478,
        "BFA": -0.43446,
        "BWA": 0.57654,
        "CAF": -1.57981,
        "COD": -1.65751,
        "CPV": 0.50612,
        "GIN": -0.93875,
        "GNB": -1.13173,
        "MLI": -0.90131,
        "MOZ": -0.77947,
        "RWA": -0.00444,
        "ARG": 0.00745,
        "BRA": -0.23775,
        "CAN": 1.58963,
        "DOM": -0.24181,
        "GTM": -0.60583,
        "GUY": -0.21097,
        "HTI": -1.13314,
        "JAM": 0.24646,
        "TTO": 0.09091,
        "URY": 0.8635,
        "JOR": -0.08361,
        "LBY": -1.90446,
        "OMN": 0.13934,
        "SDN": -1.57897,
        "SOM": -2.11527,
        "SYR": -1.97329,
        "BEL": 1.18223,
        "CHE": 1.78704,
        "CYP": 0.81884,
        "DEU": 1.49553,
        "DNK": 1.68345,
        "ESP": 0.80815,
        "FRA": 1.11652,
        "ISL": 1.54532,
        "KAZ": -0.32374,
        "LUX": 1.72906,
        "MKD": -0.03989,
        "MNE": 0.1339,
        "POL": 0.64712,
        "RUS": -0.63726,
        "TUR": -0.4763,
        "UKR": -0.67778,
        "BRN": 0.62006,
        "JPN": 1.34104,
        "KHM": -0.77114,
        "PNG": -0.58106,
        "WSM": 0.64886,
        "AGO": -0.91385,
        "BDI": -1.43322,
        "COM": -0.88242,
        "DZA": -0.8157,
        "ETH": -0.83295,
        "KEN": -0.57088,
        "MRT": -0.75876,
        "NAM": 0.29649,
        "NER": -0.73527,
        "SYC": 0.36079,
        "TCD": -1.38172,
        "UGA": -0.59123,
        "ZAF": 0.12816,
        "BHS": 0.59768,
        "COL": -0.18146,
        "CRI": 0.58652,
        "GRD": 0.27883,
        "LCA": 0.57499,
        "NIC": -0.91272,
        "SLV": -0.36581,
        "EGY": -0.81669,
        "IRN": -1.00063,
        "IRQ": -1.5402,
        "ARM": -0.13108,
        "BLR": -0.49726,
        "CZE": 0.95126,
        "GRC": 0.27836,
        "IRL": 1.39611,
        "ISR": 0.65912,
        "ITA": 0.48741,
        "LTU": 0.88618,
        "LVA": 0.7923,
        "MDA": -0.35192,
        "NOR": 1.76457,
        "SMR": 1.00438,
        "SRB": -0.05221,
        "SVK": 0.67315,
        "SWE": 1.69855,
        "BGD": -0.81347,
        "BTN": 0.56467,
        "MMR": -0.93984,
        "PRK": -1.61197,
        "AUS": 1.57533,
        "KOR": 0.90988,
        "LAO": -0.76904,
        "PHL": -0.33515,
        "SGP": 1.63895,
        "TON": 0.25781,
        "TUV": 0.31116,
        "VNM": -0.35336,
        "CIV": -0.49788,
        "GHA": 0.04588,
        "GNQ": -1.2904,
        "LSO": -0.32189,
        "MDG": -0.75496,
        "MUS": 0.76434,
        "MWI": -0.48438,
        "NGA": -1.07193,
        "SLE": -0.58662,
        "SWZ": -0.56299,
        "TGO": -0.79194,
        "TZA": -0.54928,
        "ECU": -0.39865,
        "MEX": -0.35289,
        "SUR": -0.19486,
        "USA": 1.24137,
        "VEN": -1.74665,
        "ARE": 0.65914,
        "BHR": -0.22583,
        "KWT": -0.1135,
        "LBN": -0.8332,
        "MAR": -0.30034,
        "PAK": -0.96836,
        "SAU": -0.23055,
        "ALB": 0.01181,
        "BIH": -0.37765,
        "FIN": 1.76113,
        "GBR": 1.33361,
        "GEO": 0.43226,
        "HUN": 0.46198,
        "KGZ": -0.62995,
        "MLT": 1.05949,
        "PRT": 1.07239,
        "SVN": 0.94189,
        "TKM": -1.33392,
        "IND": -0.1064,
        "LKA": -0.14521,
        "NPL": -0.5928,
        "THA": -0.27543,
        "CHN": -0.30686,
        "FJI": 0.20859,
        "FSM": 0.34202,
        "KIR": 0.32712,
        "NRU": -0.03245,
        "VUT": 0.09698,
        "AND": null,
        "COK": null,
        "ME1": null,
        "NIU": null,
        "REU": null,
        "XOD": null,
        "AIA": null,
        "ABW": null,
        "BMU": null,
        "VGB": null,
        "CYM": null,
        "FLK": null,
        "GLP": null,
        "MTQ": null,
        "MSR": null,
        "ANT": null,
        "PRI": null,
        "SPM": null,
        "TCA": null,
        "VIR": null,
        "XX1": null,
        "HKG": null,
        "MAC": null,
        "XX4": null,
        "XX5": null,
        "XX6": null,
        "XX7": null,
        "XX8": null,
        "XX9": null,
        "GUF": null,
        "X10": null,
        "X11": null,
        "X12": null,
        "X13": null,
        "SCG": null,
        "PSE": null,
        "NA": null,
        "GUM": null,
        "MYT": null,
        "PYF": null,
        "FRO": null,
        "GRL": null,
        "SHN": null,
        "NCL": null,
        "ASM": null,
        "TKL": null,
        "MNP": null,
        "GIB": null,
        "LIE": null,
        "PCN": null,
        "WLF": null,
        "NFK": null,
        "BES": null,
        "CUW": null,
        "SXM": null,
        "SDF": null,
        "CHI": null,
        "IMN": null,
        "XKX": null
    }
}