{
    "indicator": "SA_0000001688",
    "display": "Alcohol, total per capita (15+) consumption (in litres of pure alcohol) (SDG Indicator 3.5.2)",
    "values": {
        "AFG": 0.00291,
        "ALB": 1.85286,
        "DZA": 0.14296,
        "AND": 5.70164,
        "AGO": 2.95847,
        "ATG": 2.45904,
        "AZE": 0.39766,
        "ARG": 3.71312,
        "AUS": 4.9208,
        "AUT": 5.75231,
        "BHS": 1.83184,
        "BHR": 0.42257,
        "BGD": 0.00124,
        "ARM": 1.54893,
        "BRB": 3.24709,
        "BEL": 4.65149,
        "BTN": 0.1028,
        "BOL": 1.89509,
        "BIH": 1.7509,
        "BWA": 2.63479,
        "BRA": 3.27229,
        "BLZ": 2.66736,
        "SLB": 0.55381,
        "BRN": 0.07659,
        "BGR": 4.47534,
        "MMR": 0.7673,
        "BDI": 1.5732,
        "BLR": 4.88579,
        "KHM": 0.69591,
        "CMR": 4.75693,
        "CAN": 4.33655,
        "CPV": 2.44361,
        "CAF": 0.78987,
        "LKA": 0.66663,
        "TCD": 1.48943,
        "CHL": 3.08514,
        "CHN": 2.99265,
        "COL": 8.06018,
        "COM": 0.03674,
        "COG": 2.40987,
        "COD": 0.86479,
        "COK": 3.97281,
        "CRI": 5.61794,
        "HRV": 4.82003,
        "CUB": 2.28673,
        "CYP": 3.4347,
        "CZE": 5.8123,
        "BEN": 13.51573,
        "DNK": 4.71538,
        "DMA": 2.52396,
        "DOM": 2.81557,
        "ECU": 1.77147,
        "SLV": 5.55907,
        "GNQ": 3.92591,
        "ETH": 0.76902,
        "ERI": 0.3685,
        "EST": 24.66382,
        "FJI": 5.738,
        "FIN": 4.88897,
        "FRA": 5.32766,
        "DJI": 0.0978,
        "GAB": 13.38698,
        "GEO": 24.3149,
        "GMB": 1.0607,
        "DEU": 5.45153,
        "GHA": 1.75359,
        "KIR": 1.22234,
        "GRC": 4.13328,
        "GRD": 3.09274,
        "GTM": 0.63926,
        "GIN": 0.13247,
        "GUY": 9.33855,
        "HTI": 1.65608,
        "HND": 1.21124,
        "HUN": 4.72085,
        "ISL": 3.69603,
        "IND": 8.15575,
        "IDN": 0.02042,
        "IRN": 0.24478,
        "IRQ": 0.05874,
        "IRL": 5.57809,
        "ISR": 1.2607,
        "ITA": 3.72126,
        "CIV": 0.95462,
        "JAM": 1.35826,
        "JPN": 2.89319,
        "KAZ": 2.22526,
        "JOR": 0.12047,
        "KEN": 0.88736,
        "PRK": 1.79516,
        "KOR": 3.62718,
        "KWT": null,
        "KGZ": 2.14468,
        "LAO": 4.40302,
        "LBN": 0.40683,
        "LSO": 1.42538,
        "LVA": 4.16652,
        "LBR": 1.72554,
        "LBY": 0.00177,
        "LTU": 6.55996,
        "LUX": 5.44147,
        "MDG": 0.52117,
        "MWI": 1.10008,
        "MYS": 0.205,
        "MDV": 0.26131,
        "MLI": 1.21922,
        "MLT": 2.53576,
        "MRT": null,
        "MUS": 2.74569,
        "MEX": 2.06773,
        "MNG": 3.35185,
        "MDA": 4.77218,
        "MNE": 15.58717,
        "MAR": 0.11909,
        "MOZ": 0.68467,
        "OMN": 0.15602,
        "NAM": 1.9957,
        "NRU": 1.61837,
        "NPL": 0.10109,
        "NLD": 4.22639,
        "VUT": 0.58655,
        "NZL": 4.65761,
        "NIC": 1.5763,
        "NER": 0.03632,
        "NGA": 1.36502,
        "NIU": 3.05128,
        "NOR": 3.09035,
        "FSM": 1.21845,
        "PAK": 0.01346,
        "PAN": 2.64539,
        "PNG": 0.58538,
        "PRY": 2.37061,
        "PER": 2.85116,
        "PHL": 2.26841,
        "POL": 5.15442,
        "PRT": 4.83714,
        "GNB": 7.06973,
        "TLS": 0.19697,
        "QAT": 0.26764,
        "ROU": 7.50884,
        "RUS": 4.69011,
        "RWA": 3.17643,
        "KNA": 2.67578,
        "LCA": 3.58984,
        "VCT": 2.84365,
        "STP": 2.51751,
        "SAU": null,
        "SEN": 0.11378,
        "SRB": 12.84503,
        "SYC": 4.76218,
        "SLE": 0.06569,
        "SGP": 0.81406,
        "SVK": 16.73585,
        "VNM": 1.28805,
        "SVN": 4.96777,
        "SOM": null,
        "ZAF": 3.01086,
        "ZWE": 6.52074,
        "ESP": 5.33702,
        "SDN": 0.04783,
        "SUR": 2.56813,
        "SWZ": 2.65242,
        "SWE": 14.41696,
        "CHE": 5.1958,
        "SYR": 0.06341,
        "TJK": 0.23745,
        "THA": 13.47869,
        "TGO": 2.31489,
        "TON": 0.40187,
        "TTO": 2.51178,
        "ARE": 0.4113,
        "TUN": 3.62625,
        "TUR": 3.20718,
        "TKM": 0.77817,
        "TUV": 0.59625,
        "UGA": 4.88062,
        "UKR": 16.25062,
        "MKD": 7.65843,
        "EGY": 0.04914,
        "GBR": 4.80292,
        "TZA": 3.58635,
        "USA": 14.92437,
        "BFA": 2.87467,
        "URY": 2.89623,
        "UZB": 0.70613,
        "VEN": 1.159,
        "WSM": 3.57733,
        "YEM": 0.01693,
        "ZMB": 1.28375,
        "MHL": null,
        "MCO": null,
        "ME1": null,
        "PLW": null,
        "SMR": null,
        "REU": null,
        "XOD": null,
        "AIA": null,
        "ABW": null,
        "BMU": null,
        "VGB": null,
        "CYM": null,
        "FLK": null,
        "GLP": null,
        "MTQ": null,
        "MSR": null,
        "ANT": null,
        "PRI": null,
        "SPM": null,
        "TCA": null,
        "VIR": null,
        "XX1": null,
        "HKG": null,
        "MAC": null,
        "XX4": null,
        "XX5": null,
        "XX6": null,
        "XX7": null,
        "XX8": null,
        "XX9": null,
        "GUF": null,
        "X10": null,
        "X11": null,
        "X12": null,
        "X13": null,
        "SCG": null,
        "PSE": null,
        "NA": null,
        "GUM": null,
        "MYT": null,
        "PYF": null,
        "FRO": null,
        "GRL": null,
        "SHN": null,
        "NCL": null,
        "ASM": null,
        "TKL": null,
        "MNP": null,
        "GIB": null,
        "LIE": null,
        "PCN": null,
        "WLF": null,
        "NFK": null,
        "BES": null,
        "CUW": null,
        "SXM": null,
        "SSD": null,
        "SDF": null,
        "CHI": null,
        "IMN": null,
        "XKX": null
    }
}