{
    "indicator": "WHOSIS_000001",
    "display": "Life expectancy at birth (years)",
    "values": {
        "AFG": 63.2099,
        "AGO": 65.51968,
        "ALB": 73.54528,
        "ARE": 74.86285,
        "ARG": 75.43737,
        "ARM": 74.51096,
        "ATG": 76.13984,
        "AUS": 83.04064,
        "AUT": 81.64519,
        "AZE": 65.52002,
        "BDI": 43.78423,
        "BEL": 79.84602,
        "BEN": 60.47139,
        "BFA": 60.91832,
        "BGD": 73.58051,
        "BGR": 75.07156,
        "BHR": 75.81459,
        "BHS": 70.93668,
        "BIH": 75.41919,
        "BLR": 70.38769,
        "BLZ": 73.38513,
        "BOL": 71.5186,
        "BRA": 75.13264,
        "BRB": 76.0344,
        "BRN": 74.32442,
        "BTN": 65.69579,
        "BWA": 45.58516,
        "CAF": 48.51089,
        "CAN": 81.3058,
        "CHE": 82.61449,
        "CHL": 79.81646,
        "CHN": 77.43322,
        "CIV": 62.91527,
        "CMR": 52.82113,
        "COD": 52.44439,
        "COG": 60.95192,
        "COL": 77.09467,
        "COM": 66.45436,
        "CPV": 74.03075,
        "CRI": 80.84692,
        "CUB": 80.2512,
        "CYP": 78.74654,
        "CZE": 74.95213,
        "DEU": 80.16794,
        "DJI": 64.64274,
        "DNK": 80.59389,
        "DOM": 72.84367,
        "DZA": 77.13415,
        "ECU": 74.53304,
        "EGY": 69.82364,
        "ERI": 60.69732,
        "ESP": 81.69273,
        "EST": 77.60223,
        "ETH": 66.82242,
        "FIN": 81.6124,
        "FJI": 68.01035,
        "FRA": 78.91328,
        "FSM": 61.19261,
        "GAB": 62.16494,
        "GBR": 80.24544,
        "GEO": 72.58078,
        "GHA": 64.5454,
        "GIN": 61.00587,
        "GMB": 65.4712,
        "GNB": 50.28384,
        "GNQ": 54.31445,
        "GRC": 80.09935,
        "GRD": 71.96705,
        "GTM": 70.94937,
        "GUY": 65.58898,
        "HND": 71.93507,
        "HRV": 78.63747,
        "HTI": 57.04974,
        "HUN": 71.33797,
        "IDN": 69.25565,
        "IND": 67.22851,
        "IRL": 81.1396,
        "IRN": 76.66063,
        "IRQ": 72.42317,
        "ISL": 82.32826,
        "ISR": 78.57471,
        "ITA": 79.36485,
        "JAM": 75.7666,
        "JOR": 76.58584,
        "JPN": 83.61682,
        "KAZ": 73.95099,
        "KEN": 66.08511,
        "KGZ": 77.31073,
        "KHM": 58.68463,
        "KIR": 58.0072,
        "KOR": 80.58366,
        "KWT": 81.13089,
        "LAO": 67.07706,
        "LBN": 76.43958,
        "LBR": 64.07872,
        "LBY": 74.39559,
        "LCA": 73.21431,
        "LKA": 73.30135,
        "LSO": 47.37603,
        "LTU": 74.37679,
        "LUX": 82.30824,
        "LVA": 75.37604,
        "MAR": 72.98804,
        "MDA": 66.87234,
        "MDG": 58.82296,
        "MDV": 76.99346,
        "MEX": 75.1333,
        "MKD": 73.72823,
        "MLI": 60.88689,
        "MLT": 81.89443,
        "MMR": 69.1335,
        "MNE": 73.56364,
        "MNG": 60.52023,
        "MOZ": 53.47655,
        "MRT": 65.59114,
        "MUS": 74.13624,
        "MWI": 63.0444,
        "MYS": 74.718,
        "NAM": 64.57598,
        "NER": 50.35257,
        "NGA": 53.63285,
        "NIC": 74.05313,
        "NLD": 80.68311,
        "NOR": 82.00599,
        "NPL": 70.88377,
        "NZL": 81.96268,
        "OMN": 75.26434,
        "PAK": 60.0836,
        "PAN": 77.23182,
        "PER": 77.28428,
        "PHL": 70.29715,
        "PNG": 64.48792,
        "POL": 78.26672,
        "PRK": 72.63359,
        "PRT": 84.39763,
        "PRY": 74.79564,
        "QAT": 74.07913,
        "ROU": 73.70329,
        "RUS": 71.29893,
        "RWA": 67.68883,
        "SAU": 74.31111,
        "SDN": 69.14727,
        "SEN": 58.59945,
        "SGP": 78.43803,
        "SLB": 63.69107,
        "SLE": 54.74398,
        "SLV": 73.24693,
        "SOM": 54.56641,
        "SRB": 75.87003,
        "SSD": 62.79444,
        "STP": 63.45224,
        "SUR": 69.94162,
        "SVK": 75.46777,
        "SVN": 79.5501,
        "SWE": 81.74503,
        "SWZ": 54.04612,
        "SYC": 73.34014,
        "SYR": 72.67168,
        "TCD": 51.07935,
        "TGO": 55.94736,
        "THA": 76.25385,
        "TJK": 68.00558,
        "TKM": 69.11091,
        "TLS": 68.86667,
        "TON": 72.57066,
        "TTO": 76.12728,
        "TUN": 74.11952,
        "TUR": 74.41146,
        "TZA": 61.38839,
        "UGA": 59.66988,
        "UKR": 72.2022,
        "URY": 77.0994,
        "USA": 78.49568,
        "UZB": 75.21384,
        "VCT": 70.6085,
        "VEN": 74.78663,
        "VNM": 72.72223,
        "VUT": 64.63885,
        "WSM": 70.03727,
        "YEM": 66.63147,
        "ZAF": 65.25417,
        "ZMB": 44.46076,
        "ZWE": 46.57054,
        "AND": null,
        "COK": null,
        "DMA": null,
        "MHL": null,
        "MCO": null,
        "ME1": null,
        "NRU": null,
        "NIU": null,
        "PLW": null,
        "KNA": null,
        "SMR": null,
        "TUV": null,
        "REU": null,
        "XOD": null,
        "AIA": null,
        "ABW": null,
        "BMU": null,
        "VGB": null,
        "CYM": null,
        "FLK": null,
        "GLP": null,
        "MTQ": null,
        "MSR": null,
        "ANT": null,
        "PRI": null,
        "SPM": null,
        "TCA": null,
        "VIR": null,
        "XX1": null,
        "HKG": null,
        "MAC": null,
        "XX4": null,
        "XX5": null,
        "XX6": null,
        "XX7": null,
        "XX8": null,
        "XX9": null,
        "GUF": null,
        "X10": null,
        "X11": null,
        "X12": null,
        "X13": null,
        "SCG": null,
        "PSE": null,
        "NA": null,
        "GUM": null,
        "MYT": null,
        "PYF": null,
        "FRO": null,
        "GRL": null,
        "SHN": null,
        "NCL": null,
        "ASM": null,
        "TKL": null,
        "MNP": null,
        "GIB": null,
        "LIE": null,
        "PCN": null,
        "WLF": null,
        "NFK": null,
        "BES": null,
        "CUW": null,
        "SXM": null,
        "SDF": null,
        "CHI": null,
        "IMN": null,
        "XKX": null
    }
}