{
    "indicator": "WHS6_102",
    "display": "Hospital beds (per 10 000 population)",
    "values": {
        "AFG": 3.9,
        "AGO": 8.0,
        "ALB": 28.893,
        "ARE": 13.8,
        "ARG": 49.92,
        "ARM": 41.628,
        "ATG": 28.91845,
        "AUS": 38.4,
        "AUT": 72.7,
        "AZE": 48.217,
        "BDI": 7.9,
        "BEL": 55.8,
        "BEN": 5.0,
        "BFA": 4.0,
        "BGD": 7.95,
        "BGR": 74.54,
        "BHR": 17.4,
        "BHS": 29.56814,
        "BIH": 34.933,
        "BLR": 108.329,
        "BLZ": 10.35534,
        "BOL": 12.93026,
        "BRA": 20.87131,
        "BRB": 59.67402,
        "BRN": 28.5,
        "BTN": 17.4,
        "BWA": 18.0,
        "CAF": 10.0,
        "CAN": 25.2,
        "CHE": 46.3,
        "CHL": 20.6,
        "CHN": 43.1,
        "CIV": 4.0,
        "CMR": 13.0,
        "COD": 8.0,
        "COG": 16.0,
        "COL": 17.1,
        "COM": 21.6,
        "CPV": 21.0,
        "CRI": 11.0,
        "CUB": 53.31035,
        "CYP": 33.996,
        "CZE": 66.2,
        "DEU": 80.0,
        "DJI": 14.0,
        "DNK": 26.0,
        "DOM": 15.56,
        "DZA": 19.0,
        "ECU": 13.92792,
        "EGY": 14.3,
        "ERI": 7.0,
        "ESP": 29.7,
        "EST": 45.7,
        "ETH": 3.3,
        "FIN": 36.1,
        "FJI": 19.97741,
        "FRA": 59.1,
        "GAB": 13.0,
        "GBR": 24.6,
        "GEO": 28.936,
        "GHA": 9.0,
        "GIN": 3.0,
        "GMB": 11.0,
        "GNB": 10.0,
        "GNQ": 21.0,
        "GRC": 42.0,
        "GRD": 35.70899,
        "GTM": 4.41363,
        "GUY": 17.14725,
        "HND": 6.42629,
        "HRV": 55.397,
        "HTI": 7.06974,
        "HUN": 70.1,
        "IDN": 10.4,
        "IND": 5.3,
        "IRL": 29.7,
        "IRN": 15.6,
        "IRQ": 13.2,
        "ISL": 28.3,
        "ISR": 29.8,
        "ITA": 31.4,
        "JAM": 17.17473,
        "JOR": 14.7,
        "JPN": 129.8,
        "KAZ": 60.569,
        "KEN": 14.0,
        "KGZ": 44.132,
        "KHM": 9.0,
        "KIR": 18.6,
        "KOR": 124.3,
        "KWT": 20.4,
        "LAO": 15.0,
        "LBN": 27.3,
        "LBR": 8.0,
        "LBY": 32.0,
        "LCA": 12.97213,
        "LKA": 41.5,
        "LSO": 13.0,
        "LTU": 64.3,
        "LUX": 42.6,
        "LVA": 54.9,
        "MAR": 10.0,
        "MDA": 56.605,
        "MDG": 2.0,
        "MDV": 43.0,
        "MEX": 9.8,
        "MKD": 42.801,
        "MLI": 1.0,
        "MLT": 44.851,
        "MMR": 10.44,
        "MNE": 38.61,
        "MNG": 80.0,
        "MOZ": 7.0,
        "MRT": 4.0,
        "MUS": 34.0,
        "MWI": 13.0,
        "MYS": 18.76841,
        "NAM": 27.0,
        "NER": 3.9,
        "NGA": 5.0,
        "NIC": 9.29783,
        "NLD": 31.7,
        "NOR": 35.3,
        "NPL": 3.0,
        "NZL": 25.7,
        "OMN": 14.7,
        "PAK": 6.3,
        "PAN": 22.54021,
        "PER": 15.91457,
        "PHL": 9.9,
        "POL": 65.4,
        "PRK": 143.0,
        "PRT": 34.5,
        "PRY": 8.28067,
        "QAT": 12.5,
        "ROU": 68.921,
        "RUS": 71.2,
        "RWA": 16.0,
        "SAU": 22.4,
        "SDN": 7.4,
        "SEN": 3.0,
        "SGP": 24.86167,
        "SLB": 14.0,
        "SLE": 4.0,
        "SLV": 11.98681,
        "SOM": 8.7,
        "SRB": 56.086,
        "STP": 29.0,
        "SUR": 30.01436,
        "SVK": 57.0,
        "SVN": 44.3,
        "SWE": 21.4,
        "SWZ": 21.0,
        "SYC": 36.0,
        "SYR": 14.0,
        "TCD": 4.0,
        "TGO": 7.0,
        "THA": 21.0,
        "TJK": 46.667,
        "TKM": 40.283,
        "TLS": 59.0,
        "TTO": 30.23838,
        "TUN": 21.8,
        "TUR": 28.5,
        "TZA": 7.0,
        "UGA": 5.0,
        "UKR": 74.626,
        "URY": 24.25404,
        "USA": 28.7,
        "UZB": 39.784,
        "VCT": 43.23082,
        "VEN": 8.71281,
        "VNM": 31.8,
        "WSM": 10.0,
        "YEM": 7.1,
        "ZAF": 23.0,
        "ZMB": 20.0,
        "ZWE": 17.0,
        "AND": null,
        "COK": null,
        "DMA": null,
        "MHL": null,
        "FSM": null,
        "MCO": null,
        "ME1": null,
        "NRU": null,
        "NIU": null,
        "PLW": null,
        "PNG": null,
        "KNA": null,
        "SMR": null,
        "TON": null,
        "TUV": null,
        "VUT": null,
        "REU": null,
        "XOD": null,
        "AIA": null,
        "ABW": null,
        "BMU": null,
        "VGB": null,
        "CYM": null,
        "FLK": null,
        "GLP": null,
        "MTQ": null,
        "MSR": null,
        "ANT": null,
        "PRI": null,
        "SPM": null,
        "TCA": null,
        "VIR": null,
        "XX1": null,
        "HKG": null,
        "MAC": null,
        "XX4": null,
        "XX5": null,
        "XX6": null,
        "XX7": null,
        "XX8": null,
        "XX9": null,
        "GUF": null,
        "X10": null,
        "X11": null,
        "X12": null,
        "X13": null,
        "SCG": null,
        "PSE": null,
        "NA": null,
        "GUM": null,
        "MYT": null,
        "PYF": null,
        "FRO": null,
        "GRL": null,
        "SHN": null,
        "NCL": null,
        "ASM": null,
        "TKL": null,
        "MNP": null,
        "GIB": null,
        "LIE": null,
        "PCN": null,
        "WLF": null,
        "NFK": null,
        "BES": null,
        "CUW": null,
        "SXM": null,
        "SSD": null,
        "SDF": null,
        "CHI": null,
        "IMN": null,
        "XKX": null
    }
}