{
    "indicator": "WSH_SANITATION_OD",
    "display": "Population practising open defecation (%)",
    "values": {
        "AFG": 31.50419,
        "AGO": 0.0,
        "ALB": 0.0,
        "AND": 0.0,
        "ARE": 0.0,
        "ARM": 0.01116,
        "ARG": 0.0,
        "ATG": 0.62432,
        "AUS": 0.0,
        "AUT": 0.0,
        "AZE": 0.14667,
        "BDI": 1.675,
        "BEL": 0.0,
        "BEN": 31.20823,
        "BFA": 33.55375,
        "BGD": 0.0,
        "BGR": 0.0,
        "BHR": 0.0,
        "BIH": 0.0,
        "BHS": 0.2232,
        "BLR": 0.0,
        "BLZ": 0.56986,
        "BOL": 0.0,
        "BRA": 0.0,
        "BRB": 0.82469,
        "BRN": 0.78,
        "BTN": 0.0,
        "BWA": 17.02407,
        "CAF": 25.0918,
        "CAN": 0.0,
        "CHE": 0.0,
        "CHL": 0.0,
        "CHN": 1.1834,
        "CIV": 25.73429,
        "CMR": 4.57268,
        "COD": 3.83447,
        "COG": 8.24689,
        "COK": 0.4829,
        "COL": 0.67115,
        "COM": 0.52633,
        "CPV": 6.96978,
        "CRI": 0.33816,
        "CUB": 0.3818,
        "CYP": 0.0,
        "CZE": 0.0,
        "DEU": 0.0,
        "DJI": 67.90756,
        "DMA": 5.57107,
        "DNK": 0.0,
        "DOM": 1.31007,
        "DZA": 0.0,
        "ECU": 0.64597,
        "EGY": 0.00683,
        "ERI": 67.35016,
        "ESP": 0.0,
        "EST": 0.0,
        "ETH": 27.82905,
        "FIN": 0.0,
        "FJI": 0.0,
        "FRA": 0.0,
        "FSM": 9.5,
        "GAB": 1.83654,
        "GEO": 0.00548,
        "GBR": 0.0,
        "GHA": 29.65105,
        "GIN": 8.05162,
        "GMB": 2.80405,
        "GNB": 25.14223,
        "GNQ": 2.54594,
        "GRC": 0.09912,
        "GRD": 3.5411,
        "GTM": 2.66978,
        "GUY": 0.87494,
        "HND": 5.77666,
        "HRV": 0.0,
        "HTI": 36.83107,
        "HUN": 0.0,
        "IDN": 2.69987,
        "IND": 2.85387,
        "IRL": 0.0,
        "IRN": 0.0,
        "IRQ": 0.09458,
        "ISL": 0.0,
        "ISR": 0.0,
        "ITA": 0.0,
        "JAM": 0.82694,
        "JOR": 0.07804,
        "KAZ": 0.07076,
        "JPN": 0.0,
        "KEN": 9.34289,
        "KGZ": 0.0,
        "KHM": 0.0,
        "KIR": 21.93801,
        "KNA": 1.43522,
        "KOR": 0.0,
        "KWT": 0.0,
        "LAO": 6.04194,
        "LBN": 0.11833,
        "LBR": 35.24475,
        "LBY": 0.74784,
        "LCA": 6.36491,
        "LKA": 0.0,
        "LSO": 5.00601,
        "LTU": 0.0,
        "LUX": 0.0,
        "LVA": 0.0,
        "MAR": 0.0,
        "MCO": 0.0,
        "MDA": 0.133,
        "MDG": 17.50198,
        "MDV": 0.0,
        "MEX": 0.0,
        "MHL": 21.21944,
        "MKD": 0.0,
        "MLI": 1.3482,
        "MLT": 0.0,
        "MMR": 0.81307,
        "MNE": 0.12871,
        "MNG": 24.76035,
        "MOZ": 6.94392,
        "MRT": 5.04502,
        "MUS": 0.26975,
        "MWI": 6.12921,
        "MYS": 0.0,
        "NAM": 20.47595,
        "NER": 64.98919,
        "NGA": 30.95152,
        "NIC": 6.79177,
        "NIU": 0.0,
        "NLD": 0.0,
        "NPL": 44.03648,
        "NOR": 0.0,
        "NZL": 0.0,
        "OMN": 0.0,
        "NRU": 2.58615,
        "PAK": 10.6794,
        "PAN": 4.02738,
        "PER": 16.97182,
        "PHL": 3.02284,
        "PLW": 0.0,
        "PNG": 4.05361,
        "POL": 0.0,
        "PRT": 0.0,
        "PRK": 0.0,
        "PRY": 0.88856,
        "PSE": 0.8358,
        "ROU": 0.0,
        "QAT": 0.06345,
        "RUS": 0.0,
        "RWA": 1.27988,
        "SAU": 0.0,
        "SDN": 28.82693,
        "SEN": 9.82694,
        "SGP": 0.0,
        "SLB": 58.03103,
        "SLE": 5.15322,
        "SLV": 5.99062,
        "SOM": 21.31905,
        "SMR": 0.0,
        "SRB": 0.04787,
        "SSD": 60.1272,
        "STP": 52.81077,
        "SUR": 1.59397,
        "SVK": 0.0,
        "SWZ": 1.0164,
        "SVN": 0.0,
        "SWE": 0.0,
        "SYR": 0.05267,
        "SYC": 0.0,
        "TCD": 78.39165,
        "TGO": 11.37672,
        "THA": 0.58912,
        "TJK": 0.31723,
        "TKM": 0.0,
        "TLS": 10.36494,
        "TTO": 0.0769,
        "TUN": 0.22269,
        "TON": 0.17528,
        "TUR": 0.84217,
        "TUV": 4.29498,
        "TZA": 7.3023,
        "UGA": 1.93681,
        "UKR": 0.0,
        "URY": 0.15871,
        "USA": 0.0,
        "UZB": 0.0,
        "VCT": 2.56875,
        "VEN": 2.99764,
        "VNM": 1.61207,
        "VUT": 1.05229,
        "WSM": 0.08554,
        "YEM": 1.06869,
        "ZAF": 3.93098,
        "ZMB": 12.75231,
        "ZWE": 1.51269,
        "ME1": null,
        "REU": null,
        "XOD": null,
        "AIA": null,
        "ABW": null,
        "BMU": null,
        "VGB": null,
        "CYM": null,
        "FLK": null,
        "GLP": null,
        "MTQ": null,
        "MSR": null,
        "ANT": null,
        "PRI": null,
        "SPM": null,
        "TCA": null,
        "VIR": null,
        "XX1": null,
        "HKG": null,
        "MAC": null,
        "XX4": null,
        "XX5": null,
        "XX6": null,
        "XX7": null,
        "XX8": null,
        "XX9": null,
        "GUF": null,
        "X10": null,
        "X11": null,
        "X12": null,
        "X13": null,
        "SCG": null,
        "NA": null,
        "GUM": null,
        "MYT": null,
        "PYF": null,
        "FRO": null,
        "GRL": null,
        "SHN": null,
        "NCL": null,
        "ASM": null,
        "TKL": null,
        "MNP": null,
        "GIB": null,
        "LIE": null,
        "PCN": null,
        "WLF": null,
        "NFK": null,
        "BES": null,
        "CUW": null,
        "SXM": null,
        "SDF": null,
        "CHI": null,
        "IMN": null,
        "XKX": null
    }
}